{
    "quaternion": {
        "w": -0.4175137992882167,
        "x": 0.5645088132600274,
        "y": 0.5648793821446367,
        "z": -0.433501223508732
    },
    "rotation_matrix": [
        [
            -0.014024054311348344,
            0.2757732936526106,
            -0.9611203964169439
        ],
        [
            0.999744264945495,
            -0.01318702206362432,
            -0.018371367877360212
        ],
        [
            -0.017740648501792966,
            -0.9611322453008662,
            -0.2755178332407022
        ]
    ],
    "translation": {
        "x": 1.7030216138776755,
        "y": -0.4493524499577145,
        "z": 0.5483920797818083
    }
}