{
    "quaternion": {
        "w": 0.7074295894905659,
        "x": -0.059629416175381866,
        "y": -0.06137285034314051,
        "z": 0.7015846933054848
    },
    "rotation_matrix": [
        [
            0.00802458272041473,
            -0.9853242886859661,
            -0.17050411196700843
        ],
        [
            0.9999627976258882,
            0.008446501692063957,
            -0.001749277957526288
        ],
        [
            0.0031637693294468278,
            -0.17048373158357627,
            0.9853554119346831
        ]
    ],
    "translation": {
        "x": 0.04603129588763566,
        "y": -0.0062299200674150994,
        "z": 0.02497647743019233
    }
}