{
    "quaternion": {
        "w": 0.7203476705135414,
        "x": -0.056455424614785886,
        "y": -0.055337401112012206,
        "z": 0.6890934556759677
    },
    "rotation_matrix": [
        [
            0.04417596276544278,
            -0.9865255381709046,
            -0.1575304632455367
        ],
        [
            0.999021924078334,
            0.043925988752234746,
            0.005069785297420484
        ],
        [
            0.0019182086877090748,
            -0.15760034913903498,
            0.987501114139465
        ]
    ],
    "translation": {
        "x": 0.043317248643837264,
        "y": -0.009899053677166482,
        "z": 0.026063026861283332
    }
}